-- MariaDB dump 10.19  Distrib 10.4.28-MariaDB, for Win64 (AMD64)
--
-- Host: localhost    Database: psubp_db
-- ------------------------------------------------------
-- Server version	10.4.28-MariaDB

/*!40101 SET @OLD_CHARACTER_SET_CLIENT=@@CHARACTER_SET_CLIENT */;
/*!40101 SET @OLD_CHARACTER_SET_RESULTS=@@CHARACTER_SET_RESULTS */;
/*!40101 SET @OLD_COLLATION_CONNECTION=@@COLLATION_CONNECTION */;
/*!40101 SET NAMES utf8mb4 */;
/*!40103 SET @OLD_TIME_ZONE=@@TIME_ZONE */;
/*!40103 SET TIME_ZONE='+00:00' */;
/*!40014 SET @OLD_UNIQUE_CHECKS=@@UNIQUE_CHECKS, UNIQUE_CHECKS=0 */;
/*!40014 SET @OLD_FOREIGN_KEY_CHECKS=@@FOREIGN_KEY_CHECKS, FOREIGN_KEY_CHECKS=0 */;
/*!40101 SET @OLD_SQL_MODE=@@SQL_MODE, SQL_MODE='NO_AUTO_VALUE_ON_ZERO' */;
/*!40111 SET @OLD_SQL_NOTES=@@SQL_NOTES, SQL_NOTES=0 */;

--
-- Table structure for table `academic_calendar`
--

DROP TABLE IF EXISTS `academic_calendar`;
/*!40101 SET @saved_cs_client     = @@character_set_client */;
/*!40101 SET character_set_client = utf8 */;
CREATE TABLE `academic_calendar` (
  `id` int(11) NOT NULL AUTO_INCREMENT,
  `activities` varchar(255) NOT NULL,
  `first_semester_start` date NOT NULL,
  `first_semester_end` date NOT NULL,
  `second_semester_start` date NOT NULL,
  `second_semester_end` date NOT NULL,
  PRIMARY KEY (`id`)
) ENGINE=InnoDB AUTO_INCREMENT=8 DEFAULT CHARSET=utf8mb4 COLLATE=utf8mb4_general_ci;
/*!40101 SET character_set_client = @saved_cs_client */;

--
-- Dumping data for table `academic_calendar`
--

LOCK TABLES `academic_calendar` WRITE;
/*!40000 ALTER TABLE `academic_calendar` DISABLE KEYS */;
INSERT INTO `academic_calendar` VALUES (7,'Enrollment','2023-08-30','0000-00-00','0000-00-00','0000-00-00');
/*!40000 ALTER TABLE `academic_calendar` ENABLE KEYS */;
UNLOCK TABLES;

--
-- Table structure for table `account_users`
--

DROP TABLE IF EXISTS `account_users`;
/*!40101 SET @saved_cs_client     = @@character_set_client */;
/*!40101 SET character_set_client = utf8 */;
CREATE TABLE `account_users` (
  `id` int(11) NOT NULL AUTO_INCREMENT,
  `user_id` int(11) NOT NULL,
  `account_id` int(11) NOT NULL,
  PRIMARY KEY (`id`),
  KEY `user_id` (`user_id`),
  KEY `account_id` (`account_id`),
  CONSTRAINT `account_users_ibfk_1` FOREIGN KEY (`user_id`) REFERENCES `users` (`id`) ON DELETE CASCADE,
  CONSTRAINT `account_users_ibfk_2` FOREIGN KEY (`account_id`) REFERENCES `accounts` (`account_id`) ON DELETE CASCADE
) ENGINE=InnoDB AUTO_INCREMENT=33 DEFAULT CHARSET=utf8mb4 COLLATE=utf8mb4_general_ci;
/*!40101 SET character_set_client = @saved_cs_client */;

--
-- Dumping data for table `account_users`
--

LOCK TABLES `account_users` WRITE;
/*!40000 ALTER TABLE `account_users` DISABLE KEYS */;
INSERT INTO `account_users` VALUES (19,39,9),(32,55,2);
/*!40000 ALTER TABLE `account_users` ENABLE KEYS */;
UNLOCK TABLES;

--
-- Table structure for table `accounts`
--

DROP TABLE IF EXISTS `accounts`;
/*!40101 SET @saved_cs_client     = @@character_set_client */;
/*!40101 SET character_set_client = utf8 */;
CREATE TABLE `accounts` (
  `account_id` int(11) NOT NULL,
  `account_name` varchar(255) DEFAULT NULL,
  PRIMARY KEY (`account_id`)
) ENGINE=InnoDB DEFAULT CHARSET=utf8mb4 COLLATE=utf8mb4_general_ci;
/*!40101 SET character_set_client = @saved_cs_client */;

--
-- Dumping data for table `accounts`
--

LOCK TABLES `accounts` WRITE;
/*!40000 ALTER TABLE `accounts` DISABLE KEYS */;
INSERT INTO `accounts` VALUES (1,'Admission Office'),(2,'BSIT'),(3,'BSCRIM'),(4,'BSED'),(5,'BEED'),(6,'BSBA'),(7,'BSAGRI'),(8,'Student Government'),(9,'PSUBP');
/*!40000 ALTER TABLE `accounts` ENABLE KEYS */;
UNLOCK TABLES;

--
-- Table structure for table `album`
--

DROP TABLE IF EXISTS `album`;
/*!40101 SET @saved_cs_client     = @@character_set_client */;
/*!40101 SET character_set_client = utf8 */;
CREATE TABLE `album` (
  `id` int(11) NOT NULL AUTO_INCREMENT,
  `album_name` varchar(255) NOT NULL,
  PRIMARY KEY (`id`)
) ENGINE=InnoDB DEFAULT CHARSET=utf8mb4 COLLATE=utf8mb4_general_ci;
/*!40101 SET character_set_client = @saved_cs_client */;

--
-- Dumping data for table `album`
--

LOCK TABLES `album` WRITE;
/*!40000 ALTER TABLE `album` DISABLE KEYS */;
/*!40000 ALTER TABLE `album` ENABLE KEYS */;
UNLOCK TABLES;

--
-- Table structure for table `album_media`
--

DROP TABLE IF EXISTS `album_media`;
/*!40101 SET @saved_cs_client     = @@character_set_client */;
/*!40101 SET character_set_client = utf8 */;
CREATE TABLE `album_media` (
  `id` int(11) NOT NULL AUTO_INCREMENT,
  `album_id` int(11) NOT NULL,
  `media_id` int(11) NOT NULL,
  PRIMARY KEY (`id`),
  KEY `album_id` (`album_id`),
  KEY `media_id` (`media_id`),
  CONSTRAINT `album_media_ibfk_1` FOREIGN KEY (`album_id`) REFERENCES `album` (`id`),
  CONSTRAINT `album_media_ibfk_2` FOREIGN KEY (`media_id`) REFERENCES `media` (`id`)
) ENGINE=InnoDB DEFAULT CHARSET=utf8mb4 COLLATE=utf8mb4_general_ci;
/*!40101 SET character_set_client = @saved_cs_client */;

--
-- Dumping data for table `album_media`
--

LOCK TABLES `album_media` WRITE;
/*!40000 ALTER TABLE `album_media` DISABLE KEYS */;
/*!40000 ALTER TABLE `album_media` ENABLE KEYS */;
UNLOCK TABLES;

--
-- Table structure for table `archive_logs`
--

DROP TABLE IF EXISTS `archive_logs`;
/*!40101 SET @saved_cs_client     = @@character_set_client */;
/*!40101 SET character_set_client = utf8 */;
CREATE TABLE `archive_logs` (
  `id` int(11) NOT NULL AUTO_INCREMENT,
  `date_archived` datetime DEFAULT NULL,
  `type` varchar(255) DEFAULT NULL,
  `item` varchar(255) DEFAULT NULL,
  `account_id` int(11) DEFAULT NULL,
  `path` varchar(255) DEFAULT NULL,
  `archived` tinyint(1) DEFAULT 0,
  PRIMARY KEY (`id`),
  KEY `account_id` (`account_id`),
  CONSTRAINT `archive_logs_ibfk_1` FOREIGN KEY (`account_id`) REFERENCES `accounts` (`account_id`)
) ENGINE=InnoDB DEFAULT CHARSET=utf8mb4 COLLATE=utf8mb4_general_ci;
/*!40101 SET character_set_client = @saved_cs_client */;

--
-- Dumping data for table `archive_logs`
--

LOCK TABLES `archive_logs` WRITE;
/*!40000 ALTER TABLE `archive_logs` DISABLE KEYS */;
/*!40000 ALTER TABLE `archive_logs` ENABLE KEYS */;
UNLOCK TABLES;

--
-- Table structure for table `audit_trail`
--

DROP TABLE IF EXISTS `audit_trail`;
/*!40101 SET @saved_cs_client     = @@character_set_client */;
/*!40101 SET character_set_client = utf8 */;
CREATE TABLE `audit_trail` (
  `id` int(11) NOT NULL AUTO_INCREMENT,
  `user_id` int(11) NOT NULL,
  `action` varchar(50) NOT NULL,
  `post_id` int(11) DEFAULT NULL,
  `timestamp` timestamp NOT NULL DEFAULT current_timestamp(),
  PRIMARY KEY (`id`),
  KEY `post_id` (`post_id`),
  KEY `fk_user_id` (`user_id`),
  CONSTRAINT `audit_trail_ibfk_1` FOREIGN KEY (`post_id`) REFERENCES `posts` (`id`) ON DELETE CASCADE,
  CONSTRAINT `fk_user_id` FOREIGN KEY (`user_id`) REFERENCES `users` (`id`) ON DELETE CASCADE
) ENGINE=InnoDB AUTO_INCREMENT=89 DEFAULT CHARSET=utf8mb4 COLLATE=utf8mb4_general_ci;
/*!40101 SET character_set_client = @saved_cs_client */;

--
-- Dumping data for table `audit_trail`
--

LOCK TABLES `audit_trail` WRITE;
/*!40000 ALTER TABLE `audit_trail` DISABLE KEYS */;
INSERT INTO `audit_trail` VALUES (84,39,'create_post',134,'2024-04-24 02:37:13'),(85,39,'publish_post',134,'2024-04-24 02:37:13'),(86,55,'create_post',135,'2024-04-24 02:39:50'),(87,39,'edit_post',135,'2024-04-24 02:40:30'),(88,39,'publish_post',135,'2024-04-24 02:40:30');
/*!40000 ALTER TABLE `audit_trail` ENABLE KEYS */;
UNLOCK TABLES;

--
-- Table structure for table `media`
--

DROP TABLE IF EXISTS `media`;
/*!40101 SET @saved_cs_client     = @@character_set_client */;
/*!40101 SET character_set_client = utf8 */;
CREATE TABLE `media` (
  `id` int(11) NOT NULL AUTO_INCREMENT,
  `media` varchar(255) NOT NULL,
  PRIMARY KEY (`id`)
) ENGINE=InnoDB DEFAULT CHARSET=utf8mb4 COLLATE=utf8mb4_general_ci;
/*!40101 SET character_set_client = @saved_cs_client */;

--
-- Dumping data for table `media`
--

LOCK TABLES `media` WRITE;
/*!40000 ALTER TABLE `media` DISABLE KEYS */;
/*!40000 ALTER TABLE `media` ENABLE KEYS */;
UNLOCK TABLES;

--
-- Table structure for table `permissions`
--

DROP TABLE IF EXISTS `permissions`;
/*!40101 SET @saved_cs_client     = @@character_set_client */;
/*!40101 SET character_set_client = utf8 */;
CREATE TABLE `permissions` (
  `id` int(11) NOT NULL AUTO_INCREMENT,
  `name` varchar(100) DEFAULT NULL,
  PRIMARY KEY (`id`)
) ENGINE=InnoDB AUTO_INCREMENT=7 DEFAULT CHARSET=utf8mb4 COLLATE=utf8mb4_general_ci;
/*!40101 SET character_set_client = @saved_cs_client */;

--
-- Dumping data for table `permissions`
--

LOCK TABLES `permissions` WRITE;
/*!40000 ALTER TABLE `permissions` DISABLE KEYS */;
INSERT INTO `permissions` VALUES (1,'edit_user'),(2,'create_post'),(3,'delete_post'),(4,'view_dashboard'),(5,'manage_accounts'),(6,'admin');
/*!40000 ALTER TABLE `permissions` ENABLE KEYS */;
UNLOCK TABLES;

--
-- Table structure for table `positions`
--

DROP TABLE IF EXISTS `positions`;
/*!40101 SET @saved_cs_client     = @@character_set_client */;
/*!40101 SET character_set_client = utf8 */;
CREATE TABLE `positions` (
  `id` int(11) NOT NULL AUTO_INCREMENT,
  `position_name` varchar(50) DEFAULT NULL,
  PRIMARY KEY (`id`)
) ENGINE=InnoDB AUTO_INCREMENT=5 DEFAULT CHARSET=utf8mb4 COLLATE=utf8mb4_general_ci;
/*!40101 SET character_set_client = @saved_cs_client */;

--
-- Dumping data for table `positions`
--

LOCK TABLES `positions` WRITE;
/*!40000 ALTER TABLE `positions` DISABLE KEYS */;
INSERT INTO `positions` VALUES (1,'faculty'),(2,'staff'),(3,'program head'),(4,'dean');
/*!40000 ALTER TABLE `positions` ENABLE KEYS */;
UNLOCK TABLES;

--
-- Table structure for table `posts`
--

DROP TABLE IF EXISTS `posts`;
/*!40101 SET @saved_cs_client     = @@character_set_client */;
/*!40101 SET character_set_client = utf8 */;
CREATE TABLE `posts` (
  `id` int(11) NOT NULL AUTO_INCREMENT,
  `title` varchar(255) NOT NULL,
  `image` varchar(255) DEFAULT NULL,
  `content` text NOT NULL,
  `publish` tinyint(1) NOT NULL DEFAULT 0,
  `auto_archive` tinyint(1) NOT NULL DEFAULT 0,
  `auto_archive_date` date DEFAULT NULL,
  `date_posted` date DEFAULT NULL,
  `author_id` int(11) DEFAULT NULL,
  `topic_id` int(11) DEFAULT NULL,
  `archived` tinyint(1) DEFAULT 0,
  `publisher_id` int(11) DEFAULT NULL,
  `account_id` int(11) DEFAULT NULL,
  PRIMARY KEY (`id`),
  KEY `user_id` (`author_id`),
  KEY `topic_id` (`topic_id`),
  KEY `fk_publisher` (`publisher_id`),
  KEY `fk_account_id` (`account_id`),
  CONSTRAINT `fk_account_id` FOREIGN KEY (`account_id`) REFERENCES `accounts` (`account_id`),
  CONSTRAINT `fk_publisher` FOREIGN KEY (`publisher_id`) REFERENCES `users` (`id`),
  CONSTRAINT `posts_ibfk_1` FOREIGN KEY (`author_id`) REFERENCES `users` (`id`),
  CONSTRAINT `posts_ibfk_2` FOREIGN KEY (`topic_id`) REFERENCES `topics` (`topic_id`)
) ENGINE=InnoDB AUTO_INCREMENT=136 DEFAULT CHARSET=utf8mb4 COLLATE=utf8mb4_general_ci;
/*!40101 SET character_set_client = @saved_cs_client */;

--
-- Dumping data for table `posts`
--

LOCK TABLES `posts` WRITE;
/*!40000 ALTER TABLE `posts` DISABLE KEYS */;
INSERT INTO `posts` VALUES (134,'test psubp','test psubp_20240424_103712.jpg','1',1,0,'0000-00-00','2024-04-24',39,3,0,39,9),(135,'test bsit','test bsit_20240424_103950.jpg','2',1,0,'0000-00-00','2024-04-24',55,3,0,39,2);
/*!40000 ALTER TABLE `posts` ENABLE KEYS */;
UNLOCK TABLES;

--
-- Table structure for table `profile_positions`
--

DROP TABLE IF EXISTS `profile_positions`;
/*!40101 SET @saved_cs_client     = @@character_set_client */;
/*!40101 SET character_set_client = utf8 */;
CREATE TABLE `profile_positions` (
  `profile_id` int(11) DEFAULT NULL,
  `position_id` int(11) DEFAULT NULL,
  KEY `profile_id` (`profile_id`),
  KEY `position_id` (`position_id`),
  CONSTRAINT `profile_positions_ibfk_1` FOREIGN KEY (`profile_id`) REFERENCES `profiles` (`id`),
  CONSTRAINT `profile_positions_ibfk_2` FOREIGN KEY (`position_id`) REFERENCES `positions` (`id`)
) ENGINE=InnoDB DEFAULT CHARSET=utf8mb4 COLLATE=utf8mb4_general_ci;
/*!40101 SET character_set_client = @saved_cs_client */;

--
-- Dumping data for table `profile_positions`
--

LOCK TABLES `profile_positions` WRITE;
/*!40000 ALTER TABLE `profile_positions` DISABLE KEYS */;
/*!40000 ALTER TABLE `profile_positions` ENABLE KEYS */;
UNLOCK TABLES;

--
-- Table structure for table `profiles`
--

DROP TABLE IF EXISTS `profiles`;
/*!40101 SET @saved_cs_client     = @@character_set_client */;
/*!40101 SET character_set_client = utf8 */;
CREATE TABLE `profiles` (
  `id` int(11) NOT NULL AUTO_INCREMENT,
  `name` varchar(255) DEFAULT NULL,
  `position` varchar(255) NOT NULL,
  `email` varchar(255) NOT NULL,
  `phone` varchar(15) NOT NULL,
  `bio` text NOT NULL,
  `photo` varchar(255) DEFAULT NULL,
  PRIMARY KEY (`id`)
) ENGINE=InnoDB AUTO_INCREMENT=10 DEFAULT CHARSET=utf8mb4 COLLATE=utf8mb4_general_ci;
/*!40101 SET character_set_client = @saved_cs_client */;

--
-- Dumping data for table `profiles`
--

LOCK TABLES `profiles` WRITE;
/*!40000 ALTER TABLE `profiles` DISABLE KEYS */;
INSERT INTO `profiles` VALUES (1,'Mark Daniel N. Rodriguez','wala','moralized19@gmail.com','9','as','hahaha_1.jpg'),(9,'Mang Tommy','Faculty','mangtomas2024@gmail.com','63','...','Mang Tommy.jpg');
/*!40000 ALTER TABLE `profiles` ENABLE KEYS */;
UNLOCK TABLES;

--
-- Table structure for table `topics`
--

DROP TABLE IF EXISTS `topics`;
/*!40101 SET @saved_cs_client     = @@character_set_client */;
/*!40101 SET character_set_client = utf8 */;
CREATE TABLE `topics` (
  `topic_id` int(11) NOT NULL AUTO_INCREMENT,
  `topic_name` varchar(255) NOT NULL,
  PRIMARY KEY (`topic_id`)
) ENGINE=InnoDB AUTO_INCREMENT=4 DEFAULT CHARSET=utf8mb4 COLLATE=utf8mb4_general_ci;
/*!40101 SET character_set_client = @saved_cs_client */;

--
-- Dumping data for table `topics`
--

LOCK TABLES `topics` WRITE;
/*!40000 ALTER TABLE `topics` DISABLE KEYS */;
INSERT INTO `topics` VALUES (1,'Event'),(2,'Article'),(3,'Announcement');
/*!40000 ALTER TABLE `topics` ENABLE KEYS */;
UNLOCK TABLES;

--
-- Table structure for table `user_permissions`
--

DROP TABLE IF EXISTS `user_permissions`;
/*!40101 SET @saved_cs_client     = @@character_set_client */;
/*!40101 SET character_set_client = utf8 */;
CREATE TABLE `user_permissions` (
  `id` int(11) NOT NULL AUTO_INCREMENT,
  `user_id` int(11) DEFAULT NULL,
  `permission_id` int(11) DEFAULT NULL,
  PRIMARY KEY (`id`),
  KEY `user_id` (`user_id`),
  KEY `permission_id` (`permission_id`),
  CONSTRAINT `user_permissions_ibfk_1` FOREIGN KEY (`user_id`) REFERENCES `users` (`id`),
  CONSTRAINT `user_permissions_ibfk_2` FOREIGN KEY (`permission_id`) REFERENCES `permissions` (`id`)
) ENGINE=InnoDB AUTO_INCREMENT=37 DEFAULT CHARSET=utf8mb4 COLLATE=utf8mb4_general_ci;
/*!40101 SET character_set_client = @saved_cs_client */;

--
-- Dumping data for table `user_permissions`
--

LOCK TABLES `user_permissions` WRITE;
/*!40000 ALTER TABLE `user_permissions` DISABLE KEYS */;
INSERT INTO `user_permissions` VALUES (36,55,6);
/*!40000 ALTER TABLE `user_permissions` ENABLE KEYS */;
UNLOCK TABLES;

--
-- Table structure for table `users`
--

DROP TABLE IF EXISTS `users`;
/*!40101 SET @saved_cs_client     = @@character_set_client */;
/*!40101 SET character_set_client = utf8 */;
CREATE TABLE `users` (
  `id` int(11) NOT NULL AUTO_INCREMENT,
  `username` varchar(50) NOT NULL,
  `password` varchar(50) NOT NULL,
  `profile_id` int(11) DEFAULT NULL,
  PRIMARY KEY (`id`),
  UNIQUE KEY `profile_id` (`profile_id`),
  CONSTRAINT `users_ibfk_1` FOREIGN KEY (`profile_id`) REFERENCES `profiles` (`id`)
) ENGINE=InnoDB AUTO_INCREMENT=56 DEFAULT CHARSET=utf8mb4 COLLATE=utf8mb4_general_ci;
/*!40101 SET character_set_client = @saved_cs_client */;

--
-- Dumping data for table `users`
--

LOCK TABLES `users` WRITE;
/*!40000 ALTER TABLE `users` DISABLE KEYS */;
INSERT INTO `users` VALUES (39,'mark1234','1234',1),(55,'mangtomas1234','1234',9);
/*!40000 ALTER TABLE `users` ENABLE KEYS */;
UNLOCK TABLES;
/*!40103 SET TIME_ZONE=@OLD_TIME_ZONE */;

/*!40101 SET SQL_MODE=@OLD_SQL_MODE */;
/*!40014 SET FOREIGN_KEY_CHECKS=@OLD_FOREIGN_KEY_CHECKS */;
/*!40014 SET UNIQUE_CHECKS=@OLD_UNIQUE_CHECKS */;
/*!40101 SET CHARACTER_SET_CLIENT=@OLD_CHARACTER_SET_CLIENT */;
/*!40101 SET CHARACTER_SET_RESULTS=@OLD_CHARACTER_SET_RESULTS */;
/*!40101 SET COLLATION_CONNECTION=@OLD_COLLATION_CONNECTION */;
/*!40111 SET SQL_NOTES=@OLD_SQL_NOTES */;

-- Dump completed on 2024-04-24 10:51:23
